model,mae,rmse,bias,mase,rows
fold_1,1.9229685362582893,2.539511341858252,0.18454734908213238,0.3114594831224207,791
fold_2,1.9866502279981986,2.5618440038057444,-0.07899233687125437,0.3725526033834096,791
fold_3,1.875764669475625,2.4405411252451694,0.03068188270181635,0.35920098633488395,791
fold_4,1.8631196999421313,2.4426656332305137,-0.11548736307765249,0.3620040192681074,791
fold_5,1.8815360795500184,2.494467984017004,-0.26184831844566425,0.371153170000188,791
